{"Policy": [1, 1, 1, 1, 2, 2, 0, 0, 1, 1, 1, 1, 1, 1, 1, 1, 1, 2, 0, 0, 0, 1, 1, 1, 1, 1, 1, 1, 1, 1, 2, 0, 2, 2, 1, 1, 1, 1, 1, 1, 1, 1, 1, 1, 1, 1, 1, 1, 2, 2, 2, 2, 1, 1, 1, 1, 1, 1, 1, 1, 1, 2, 2, 2, 2, 1, 1, 1, 1, 1, 1, 1, 1, 1, 2, 2, 2, 2, 1, 1, 1, 2, 1, 1, 2, 2, 2, 2, 0, 0, 0, 0, 2, 2, 1, 2, 2, 1, 1, 2, 2, 0, 0, 0, 0, 1, 2, 2, 2, 2, 1, 1, 1, 1, 0, 0, 0, 0, 2, 1], "Values": [1.9999986209454044, 1.9999986209454044, 1.9999986209454044, 1.9999986209454044, 1.9999984628271918, 1.9999984628271918, 1.9999984628271918, 1.9999984628271918, 1.9999986209454044, 1.9999986209454044, 1.9999986209454044, 1.9999986209454044, 1.9999986209454044, 1.999998737901526, 1.999998737901526, 1.999998737901526, 1.999998737901526, 1.999998205625486, 1.999998205625486, 1.999998870115704, 1.999998870115704, 1.999998737901526, 1.999998737901526, 1.999998737901526, 1.999998737901526, 1.999998737901526, 1.9999988295705502, 1.9999988295705502, 1.9999988295705502, 1.9999988295705502, 1.9999989307850692, 1.9999989307850692, 1.9999989307850692, 1.9999989307850692, 1.9999988295705502, 1.9999988295705502, 1.9999988295705502, 1.9999988295705502, 1.999998944492721, 1.9999988030830635, 1.9999989076718085, 1.9999989076718085, 1.9999989076718085, 1.9999989076718085, 1.9999991253168354, 1.9999991253168354, 1.9999991253168354, 1.9999991253168354, 1.9999990259360039, 1.9999990259360039, 1.9999990259360039, 1.9999990259360039, 1.9999991253168354, 1.9999991615910067, 1.9999991615910067, 1.9999991615910067, 1.9999991615910067, 1.9999991615910067, 1.9999991615910067, 1.9999991615910067, 1.9999991615910067, 1.9999993730718322, 1.9999993730718322, 1.9999993730718322, 1.9999993730718322, 1.9999992828659257, 1.9999993647362466, 1.9999993647362466, 1.9999993647362466, 1.9999993647362466, 1.9999993647362466, 1.9999993647362466, 1.9999993647362466, 1.9999993647362466, 1.9999994231742266, 1.9999994231742266, 1.9999994231742266, 1.9999996370303437, 1.9999993647362466, 1.9999993754036085, 1.9999989076718085, 1.999999312662408, 1.999999312662408, 1.999999312662408, 1.9999993801608413, 1.9999993801608413, 1.9999993801608413, 1.9999993801608413, 1.9999995723331767, 1.9999995723331767, 1.9999995723331767, 1.9999995723331767, 1.9999993801608413, 1.9999993914105803, 1.9999993914105803, 1.9999993914105803, 1.9999993914105803, 1.9999993914105803, 1.9999993914105803, 1.999999617059415, 1.999999617059415, 1.999999608607348, 1.999999608607348, 1.999999608607348, 1.999999608607348, 1.9999996546675542, 1.9999996684185124, 1.9999996684185124, 1.9999996684185124, 1.9999996684185124, 1.9999996684185124, 1.9999996684185124, 1.9999996684185124, 1.9999996684185124, 1.9999996370303437, 1.9999996370303437, 1.9999996370303437, 1.9999996370303437, 1.9999998029951447, 1.999999806303923]}