{"Policy": [2, 0, 0, 0, 1, 1, 1, 1, 2, 2, 0, 2, 2, 2, 0, 0, 2, 1, 1, 1, 1, 2, 2, 2, 0, 0, 2, 0, 0, 2, 1, 1, 1, 1, 1, 1, 1, 1, 1, 2, 0, 0, 0, 0, 2, 2, 2, 2, 1, 1, 1, 1, 0, 0, 0, 0, 0, 2, 2, 2, 2, 1, 1, 1, 1, 0, 0, 0, 0, 0, 2, 2, 2, 2, 1, 1, 1, 1, 2, 0, 0, 0, 0, 0, 0, 0, 0, 0, 1, 1, 2, 1, 0, 0, 0, 0, 0, 0, 0, 0, 0, 1, 2, 2, 2, 0, 0, 0, 0, 0, 0, 0, 0, 0, 2, 2, 1, 1, 0, 0], "Values": [1.2859091732742671, 1.2858333925159111, 1.2858333925159111, 1.2858333925159111, 1.2857928801495808, 1.2857928801495808, 1.2857928801495808, 1.2857928801495808, -4.71417923761048, -4.71417923761048, -4.71417923761048, -4.71417923761048, 1.2858207623895186, 1.7143948323541527, 1.7143948323541527, 1.7143948323541527, 1.7143948323541527, 1.71438093816473, 1.71438093816473, 1.71438093816473, 1.71438093816473, -4.285649418543951, -4.285649418543951, -4.285649418543951, -4.285649418543951, 1.7143505814560485, -1.2856498309554083, -1.2856498309554083, -1.2856498309554083, -1.2856498309554083, 1.2857820562710902, 1.2857820562710902, 1.2857820562710902, 1.2857820562710902, -4.71421794372891, -4.71421794372891, -4.71421794372891, -4.71421794372891, 1.2857820562710902, 1.7143255666861095, 1.285775695778835, 1.285775695778835, 1.285775695778835, 1.285775695778835, 1.2857706339003423, 1.2857706339003423, 1.2857706339003423, 1.2857706339003423, -1.285674020902433, -1.285674020902433, -1.285674020902433, -1.285674020902433, 1.2857630656524424, 1.7143259790975667, 1.7143259790975667, 1.7143259790975667, 1.7143259790975667, 1.7143569599705735, 1.7143569599705735, 1.7143261917710813, 1.7143261917710813, 1.7143259790975667, 1.7143259790975667, 1.7143259790975667, 1.7143259790975667, 1.7143259790975667, -1.28567443331389, -1.28567443331389, -1.28567443331389, -1.28567443331389, 1.2857481383147809, 1.2857481383147809, 1.2857481383147809, 1.2857481383147809, 1.2857539051861595, 1.2857539051861595, 1.2857539051861595, 1.2857539051861595, 1.2857343105635488, 1.7143255666861095, -4.714262126406248, -4.714262126406248, -4.714262126406248, -4.714262126406248, 1.285737873593752, 1.285737873593752, 1.285737873593752, 1.285737873593752, -1.285683188661738, -1.285683188661738, -1.285683188661738, -1.285683188661738, 1.285737873593752, -4.285687377969051, -4.285687377969051, -4.285687377969051, -4.285687377969051, 1.7143126220309495, 1.7143126220309495, 1.7143126220309495, 1.7143126220309495, 1.714305425315965, 1.714305425315965, 1.714305425315965, 1.714305425315965, 1.7143074939977008, -4.714265689436451, -4.714265689436451, -4.714265689436451, -4.714265689436451, 1.2857343105635488, 1.2857343105635488, 1.2857343105635488, 1.2857343105635488, 1.2857333756601637, 1.2857333756601637, 1.2857333756601637, 1.2857259353857318, 1.2857343105635488, 1.7143038925522596]}